[
  {
    "NomeCompleto": "Ana Silva",
    "Endereco": "Rua das Flores, 123, Cidade Alegre",
    "Nacionalidade": "Brasileira",
    "Idade": 25,
    "Sexo": "Feminino"
  },
  {
    "NomeCompleto": "David Luiz Alcantara Ribeiro",
    "Endereco": "Rua Maria Ortiz, 47, São Paulo",
    "Nacionalidade": "Brasileira",
    "Idade": 34, 
    "Sexo": "Masculino"
  },
  {
    "NomeCompleto": "Juliana Oliveira",
    "Endereco": "Rua Dom Cabral, 12, Rio de Janeiro",
    "Nacionalidade": "Brasileira",
    "Idade": 25,
    "Sexo": "Feminino"
  },
  {
    "NomeCompleto": "Lucas Costa",
    "Endereco": "Rua das Caieiras, 51, Brasília",
    "Nacionalidade": "Brasileira",
    "Idade": 37,
    "Sexo": "Masculino"
  },
  { 
    "NomeCompleto": "Amanda Ferreira",
    "Endereco": "Rua Maria Heleonora, 3, Salvador", 
    "Nacionalidade": "Brasileira",
    "Idade": 29,
    "Sexo": "Feminino" 
  },
  {
    "NomeCompleto": "Maria Nascimento",
    "Endereco": "Rua São Cristovão, 67, Curitiba", 
    "Nacionalidade": "Brasileira",
    "Idade": 48,
    "Sexo": "Feminino"
  },
  {
    "NomeCompleto": "João Silva",
    "Endereco": "Rua Diplomata, 51, Brasília", 
    "Nacionalidade": "Brasileira",
    "Idade": 42,
    "Sexo": "Masculino"
  },
  {
    "NomeCompleto": "Pedro Almeida Flores",
    "Endereco": "Rua Joaquim Neves, 22, Fortaleza", 
    "Nacionalidade": "Brasileira",
    "Idade": 56,
    "Sexo": "Masculino"
  },
  {
    "NomeCompleto": "Carla Rodrigues",
    "Endereco": "Rua Acelino Senna 95, Recife", 
    "Nacionalidade": "Brasileira",
    "Idade": 31,
    "Sexo": "Feminino"
  },
  {
    "NomeCompleto": "Ana Pereira Silva",
    "Endereco": "Rua da Lama, 76, Vitóra", 
    "Nacionalidade": "Brasileira",
    "Idade": 24,
    "Sexo": "Feminino"
  }
]
